ome,Coe
10.0,2.8796487819252908e-05
11.0,3.0202011221056433e-05
12.0,3.154497191105513e-05
13.0,3.283304774067884e-05
14.0,3.4072463882351295e-05
15.0,3.5268350770720374e-05
16.0,3.642499604885373e-05
17.0,3.754602653053248e-05
18.0,3.863454256625651e-05
19.0,3.969321919895544e-05
